Name,Author,User Rating,Reviews,Price,Price_r,Year,Genre
10-Day Green Smoothie Cleanse,JJ Smith,4.7,"17,350",$8.00,$8,2016,Non Fiction
11/22/63: A Novel,Stephen King,4.6,"2,052",$22.00,$22,2011,Fiction
12 Rules for Life: An Antidote to Chaos,Jordan B. Peterson,4.7,"18,979",$15.00,$15,2018,Non Fiction
1984,George Orwell,4.7,"70,425",$7.48,$8,2021,Fiction
1984 (Signet Classics),George Orwell,4.7,"21,424",$6.00,$6,2017,Fiction
"5,000 Awesome Facts (About Everything!) (National Geographic Kids)",National Geographic Kids,4.8,"7,665",$12.00,$12,2019,Non Fiction
A Dance with Dragons (A Song of Ice and Fire),George R. R. Martin,4.4,"12,643",$11.00,$11,2011,Fiction
A Game of Thrones / A Clash of Kings / A Storm of Swords / A Feast of Crows / A Dance with Dragons,George R. R. Martin,4.7,"19,735",$30.00,$30,2014,Fiction
A Gentleman in Moscow: A Novel,Amor Towles,4.7,"19,699",$15.00,$15,2017,Fiction
"A Higher Loyalty: Truth, Lies, and Leadership",James Comey,4.7,"5,983",$3.00,$3,2018,Non Fiction
A Man Called Ove: A Novel,Fredrik Backman,4.6,"23,848",$8.00,$8,2016,Fiction
A Man Called Ove: A Novel,Fredrik Backman,4.6,"23,848",$8.00,$8,2017,Fiction
A Patriot's History of the United States: From Columbus's Great Discovery to the War on Terror,Larry Schweikart,4.6,460,$2.00,$2,2010,Non Fiction
A Promised Land,Barack Obama,4.9,"83,212",$23.00,$23,2020,Non Fiction
A Stolen Life: A Memoir,Jaycee Dugard,4.6,"4,149",$32.00,$32,2011,Non Fiction
A Wrinkle in Time (Time Quintet),Madeleine L'Engle,4.5,"5,153",$5.00,$5,2018,Fiction
"Act Like a Lady, Think Like a Man: What Men Really Think About Love, Relationships, Intimacy, and Commitment",Steve Harvey,4.6,"5,013",$17.00,$17,2009,Non Fiction
"Adult Coloring Book Designs: Stress Relief Coloring Book: Garden Designs, Mandalas, Animals, and Paisley Patterns",Adult Coloring Book Designs,4.5,"2,313",$4.00,$4,2016,Non Fiction
Adult Coloring Book: Stress Relieving Animal Designs,Blue Star Coloring,4.6,"2,925",$6.00,$6,2015,Non Fiction
Adult Coloring Book: Stress Relieving Patterns,Blue Star Coloring,4.4,"2,951",$6.00,$6,2015,Non Fiction
"Adult Coloring Books: A Coloring Book for Adults Featuring Mandalas and Henna Inspired Flowers, Animals, and Paisley???????",Coloring Books for Adults,4.5,"2,426",$8.00,$8,2015,Non Fiction
Alexander Hamilton,Ron Chernow,4.8,"9,198",$13.00,$13,2016,Non Fiction
All the Light We Cannot See,Anthony Doerr,4.6,"36,348",$14.00,$14,2014,Fiction
All the Light We Cannot See,Anthony Doerr,4.6,"36,348",$14.00,$14,2015,Fiction
Allegiant,Veronica Roth,3.9,"6,310",$13.00,$13,2013,Fiction
American Dirt (Oprah's Book Club),Jeanine Cummins,4.6,"41,716",$17.00,$17,2020,Fiction
American Marxism,Mark R. Levin,4.8,"33,712",$12.52,$13,2021,Non Fiction
American Sniper: The Autobiography of the Most Lethal Sniper in U.S. Military History,Chris Kyle,4.6,"15,921",$9.00,$9,2015,Non Fiction
And the Mountains Echoed,Khaled Hosseini,4.3,"12,159",$13.00,$13,2013,Fiction
Arguing with Idiots: How to Stop Small Minds and Big Government,Glenn Beck,4.6,798,$5.00,$5,2009,Non Fiction
Astrophysics for People in a Hurry,Neil deGrasse Tyson,4.7,"9,374",$9.00,$9,2017,Non Fiction
Atlas of the Heart: Mapping Meaningful Connection and the Language of Human,Brené Brown,4.8,"13,893",$17.78,$18,2021,Non Fiction
Atomic Habits: An Easy & Proven Way to Build Good Habits & Break Bad Ones,James Clear,4.8,"29,634",$12.00,$12,2020,Non Fiction
Atomic Habits: An Easy & Proven Way to Build Good Habits & Break Bad Ones,James Clear,4.8,"104,159",$11.98,$12,2021,Non Fiction
"Autobiography of Mark Twain, Vol. 1",Mark Twain,4.2,491,$14.00,$14,2010,Non Fiction
Baby Touch and Feel: Animals,DK,4.6,"5,360",$5.00,$5,2015,Non Fiction
Balance (Angie's Extreme Stress Menders),Angie Grace,4.6,"1,909",$11.00,$11,2015,Non Fiction
Barefoot Contessa Foolproof: Recipes You Can Trust: A Cookbook,Ina Garten,4.8,"1,296",$24.00,$24,2012,Non Fiction
"Barefoot Contessa, How Easy Is That?: Fabulous Recipes & Easy Tips",Ina Garten,4.7,615,$21.00,$21,2010,Non Fiction
Becoming,Michelle Obama,4.8,"61,133",$11.00,$11,2018,Non Fiction
Becoming,Michelle Obama,4.8,"61,133",$11.00,$11,2019,Non Fiction
Becoming,Michelle Obama,4.8,"99,498",$10.00,$10,2020,Non Fiction
Being Mortal: Medicine and What Matters in the End,Atul Gawande,4.8,"11,113",$15.00,$15,2015,Non Fiction
Between the World and Me,Ta-Nehisi Coates,4.7,"10,070",$13.00,$13,2015,Non Fiction
Between the World and Me,Ta-Nehisi Coates,4.7,"10,070",$13.00,$13,2016,Non Fiction
Big Shot (Diary of a Wimpy Kid,Jeff Kinney,4.9,"19,470",$7.49,$8,2021,Fiction
Born to Run,Bruce Springsteen,4.7,"3,729",$18.00,$18,2016,Non Fiction
"Breaking Dawn (The Twilight Saga, Book 4)",Stephenie Meyer,4.6,"9,769",$13.00,$13,2009,Fiction
"Broke: The Plan to Restore Our Trust, Truth and Treasure",Glenn Beck,4.5,471,$8.00,$8,2010,Non Fiction
"Brown Bear, Brown Bear, What Do You See?",Bill Martin Jr.,4.9,"14,344",$5.00,$5,2017,Fiction
"Brown Bear, Brown Bear, What Do You See?",Bill Martin Jr.,4.9,"14,344",$5.00,$5,2019,Fiction
"Brown Bear, Brown Bear, What Do You See?",Bill Martin Jr.,4.9,"25,321",$5.00,$5,2020,Fiction
"Brown Bear, Brown Bear, What Do You See?",Bill Martin Jr.,4.9,"45,919",$5.36,$6,2021,Fiction
Burn After Writing,Sharon Jones,4.6,"26,423",$8.00,$8,2020,Non Fiction
Burn After Writing (Pink),Sharon Jones,4.6,"75,520",$6.99,$7,2021,Non Fiction
"Cabin Fever (Diary of a Wimpy Kid, Book 6)",Jeff Kinney,4.8,"4,505",$0.00,$0,2011,Fiction
Call Us What We Carry: Poems,Amanda Gorman,4.8,"4,153",$13.58,$14,2021,Fiction
Calm the F*ck Down: An Irreverent Adult Coloring Book (Irreverent Book Series),Sasha O'Hara,4.6,"10,369",$4.00,$4,2016,Non Fiction
Can't Hurt Me: Master Your Mind and Defy the Odds,David Goggins,4.8,"16,244",$18.00,$18,2019,Non Fiction
Capital in the Twenty First Century,Thomas Piketty,4.5,"2,884",$28.00,$28,2014,Non Fiction
Caste (Oprah's Book Club): The Origins of Our Discontents,Isabel Wilkerson,4.8,"21,967",$19.00,$19,2020,Non Fiction
Caste (Oprah's Book Club): The Origins of Our Discontents,Isabel Wilkerson,4.8,"40,535",$14.34,$15,2021,Non Fiction
Catching Fire (The Hunger Games),Suzanne Collins,4.7,"22,614",$11.00,$11,2010,Fiction
Catching Fire (The Hunger Games),Suzanne Collins,4.7,"22,614",$11.00,$11,2011,Fiction
Catching Fire (The Hunger Games),Suzanne Collins,4.7,"22,614",$11.00,$11,2012,Fiction
Chicka Chicka Boom Boom,Bill Martin Jr.,4.9,"20,705",$4.00,$4,2020,Fiction
Cravings: Recipes for All the Food You Want to Eat: A Cookbook,Chrissy Teigen,4.7,"4,761",$16.00,$16,2016,Non Fiction
Crazy Love: Overwhelmed by a Relentless God,Francis Chan,4.7,"1,542",$14.00,$14,2009,Non Fiction
Crazy Love: Overwhelmed by a Relentless God,Francis Chan,4.7,"1,542",$14.00,$14,2010,Non Fiction
Crazy Love: Overwhelmed by a Relentless God,Francis Chan,4.7,"1,542",$14.00,$14,2011,Non Fiction
Crazy Rich Asians (Crazy Rich Asians Trilogy),Kevin Kwan,4.3,"6,143",$8.00,$8,2018,Fiction
Creative Haven Creative Cats Coloring Book (Adult Coloring),Marjorie Sarnat,4.8,"4,022",$4.00,$4,2015,Non Fiction
Creative Haven Owls Coloring Book (Adult Coloring),Marjorie Sarnat,4.8,"3,871",$5.00,$5,2015,Non Fiction
Crystals for Beginners: The Guide to Get Started with the Healing Power of Crystals,Karen Frazier ,4.8,"35,003",$8.99,$9,2021,Non Fiction
Cutting for Stone,Abraham Verghese,4.6,"4,866",$11.00,$11,2010,Fiction
Cutting for Stone,Abraham Verghese,4.6,"4,866",$11.00,$11,2011,Fiction
"Daring Greatly: How the Courage to Be Vulnerable Transforms the Way We Live, Love, Parent, and Lead",Brene???? Brown,4.8,"1,329",$10.00,$10,2013,Non Fiction
"David and Goliath: Underdogs, Misfits, and the Art of Battling Giants",Malcolm Gladwell,4.4,"4,642",$13.00,$13,2013,Non Fiction
Dead And Gone: A Sookie Stackhouse Novel (Sookie Stackhouse/True Blood),Charlaine Harris,4.6,"1,541",$4.00,$4,2009,Fiction
"Dead in the Family (Sookie Stackhouse/True Blood, Book 10)",Charlaine Harris,4.3,"1,924",$8.00,$8,2010,Fiction
"Dead Reckoning (Sookie Stackhouse/True Blood, Book 11)",Charlaine Harris,4.2,"2,094",$4.00,$4,2011,Fiction
Dear Zoo: A Lift-the-Flap Book,Rod Campbell,4.8,"10,922",$5.00,$5,2015,Fiction
Dear Zoo: A Lift-the-Flap Book,Rod Campbell,4.8,"10,922",$5.00,$5,2016,Fiction
Dear Zoo: A Lift-the-Flap Book,Rod Campbell,4.8,"10,922",$5.00,$5,2017,Fiction
Dear Zoo: A Lift-the-Flap Book,Rod Campbell,4.8,"10,922",$5.00,$5,2018,Fiction
Decision Points,George W. Bush,4.6,"2,137",$17.00,$17,2010,Non Fiction
"Delivering Happiness: A Path to Profits, Passion, and Purpose",Tony Hsieh,4.6,"1,651",$15.00,$15,2010,Non Fiction
"Diagnostic and Statistical Manual of Mental Disorders, 5th Edition: DSM-5",American Psychiatric Association,4.5,"6,679",$105.00,$105,2013,Non Fiction
"Diagnostic and Statistical Manual of Mental Disorders, 5th Edition: DSM-5",American Psychiatric Association,4.5,"6,679",$105.00,$105,2014,Non Fiction
"Diary of a Wimpy Kid: Hard Luck, Book 8",Jeff Kinney,4.8,"6,812",$0.00,$0,2013,Fiction
Diary of a Wimpy Kid: The Last Straw (Book 3),Jeff Kinney,4.8,"3,837",$15.00,$15,2009,Fiction
Diary of a Wimpy Kid: The Long Haul,Jeff Kinney,4.8,"6,540",$22.00,$22,2014,Fiction
Difficult Riddles For Smart Kids: 300 Difficult Riddles And Brain Teasers Families Will Love (Books for Smart Kids),M Prefontaine,4.6,"7,955",$5.00,$5,2019,Non Fiction
Divergent,Veronica Roth,4.6,"27,098",$15.00,$15,2013,Fiction
Divergent,Veronica Roth,4.6,"27,098",$15.00,$15,2014,Fiction
Divergent / Insurgent,Veronica Roth,4.5,"17,684",$6.00,$6,2014,Fiction
"Divine Soul Mind Body Healing and Transmission System: The Divine Way to Heal You, Humanity, Mother Earth, and All???????",Zhi Gang Sha,4.6,37,$6.00,$6,2009,Non Fiction
Doctor Sleep: A Novel,Stephen King,4.7,"15,845",$13.00,$13,2013,Fiction
"Dog Days (Diary of a Wimpy Kid, Book 4) (Volume 4)",Jeff Kinney,4.8,"3,181",$12.00,$12,2009,Fiction
Dog Man and Cat Kid: From the Creator of Captain Underpants (Dog Man #4),Dav Pilkey,4.9,"5,062",$6.00,$6,2018,Fiction
Dog Man: A Tale of Two Kitties: From the Creator of Captain Underpants (Dog Man #3),Dav Pilkey,4.9,"4,786",$8.00,$8,2017,Fiction
Dog Man: Brawl of the Wild: From the Creator of Captain Underpants (Dog Man #6),Dav Pilkey,4.9,"7,235",$4.00,$4,2018,Fiction
Dog Man: Brawl of the Wild: From the Creator of Captain Underpants (Dog Man #6),Dav Pilkey,4.9,"7,235",$4.00,$4,2019,Fiction
Dog Man: Fetch-22: From the Creator of Captain Underpants (Dog Man #8),Dav Pilkey,4.9,"12,619",$8.00,$8,2019,Fiction
Dog Man: For Whom the Ball Rolls: From the Creator of Captain Underpants (Dog Man #7),Dav Pilkey,4.9,"9,089",$8.00,$8,2019,Fiction
Dog Man: Grime and Punishment,Dav Pilkey,4.9,"31,045",$6.00,$6,2020,Fiction
Dog Man: Lord of the Fleas: From the Creator of Captain Underpants (Dog Man #5),Dav Pilkey,4.9,"5,470",$6.00,$6,2018,Fiction
Dog Man: Mothering Heights: A Graphic Novel,Dav Pilkey,4.9,"22,196",$6.62,$7,2021,Fiction
Double Down (Diary of a Wimpy Kid #11),Jeff Kinney,4.8,"5,118",$20.00,$20,2016,Fiction
Dover Creative Haven Art Nouveau Animal Designs Coloring Book (Creative Haven Coloring Books),Marty Noble,4.6,"2,134",$5.00,$5,2015,Non Fiction
Drive: The Surprising Truth About What Motivates Us,Daniel H. Pink,4.5,"2,525",$16.00,$16,2010,Non Fiction
"Dune (Dune Chronicles, Book 1)",Frank Herbert,4.7,"63,421",$12.01,$13,2021,Fiction
Eat This Not That! Supermarket Survival Guide: The No-Diet Weight Loss Solution,David Zinczenko,4.5,720,$1.00,$1,2009,Non Fiction
"Eat This, Not That! Thousands of Simple Food Swaps that Can Save You 10, 20, 30 Pounds--or More!",David Zinczenko,4.3,956,$14.00,$14,2009,Non Fiction
"Eat to Live: The Amazing Nutrient-Rich Program for Fast and Sustained Weight Loss, Revised Edition",Joel Fuhrman MD,4.5,"6,346",$9.00,$9,2011,Non Fiction
"Eat to Live: The Amazing Nutrient-Rich Program for Fast and Sustained Weight Loss, Revised Edition",Joel Fuhrman MD,4.5,"6,346",$9.00,$9,2012,Non Fiction
Eclipse (Twilight Sagas),Stephenie Meyer,4.7,"5,505",$7.00,$7,2009,Fiction
Eclipse (Twilight),Stephenie Meyer,4.7,"5,505",$18.00,$18,2009,Fiction
Educated: A Memoir,Tara Westover,4.7,"28,729",$15.00,$15,2018,Non Fiction
Educated: A Memoir,Tara Westover,4.7,"28,729",$15.00,$15,2019,Non Fiction
Educated: A Memoir,Tara Westover,4.7,"45,351",$11.00,$11,2020,Non Fiction
"Enchanted Forest: An Inky Quest and Coloring book (Activity Books, Mindfulness and Meditation, Illustrated Floral Prints???????",Johanna Basford,4.7,"5,413",$9.00,$9,2015,Non Fiction
Fahrenheit 451,Ray Bradbury,4.6,"10,721",$8.00,$8,2016,Fiction
Fahrenheit 451,Ray Bradbury,4.6,"10,721",$8.00,$8,2018,Fiction
Fantastic Beasts and Where to Find Them: The Original Screenplay (Harry Potter),J.K. Rowling,4.7,"4,370",$15.00,$15,2016,Fiction
Fear: Trump in the White House,Bob Woodward,4.4,"6,042",$2.00,$2,2018,Non Fiction
Fifty Shades Darker,E L James,4.4,"23,631",$7.00,$7,2012,Fiction
Fifty Shades Freed: Book Three of the Fifty Shades Trilogy (Fifty Shades of Grey Series) (English Edition),E L James,4.5,"20,262",$11.00,$11,2012,Fiction
Fifty Shades of Grey: Book One of the Fifty Shades Trilogy (Fifty Shades of Grey Series),E L James,3.8,"47,265",$14.00,$14,2012,Fiction
Fifty Shades of Grey: Book One of the Fifty Shades Trilogy (Fifty Shades of Grey Series),E L James,3.8,"47,265",$14.00,$14,2013,Fiction
Fifty Shades Trilogy (Fifty Shades of Grey / Fifty Shades Darker / Fifty Shades Freed),E L James,4.5,"13,964",$32.00,$32,2012,Fiction
Fire and Fury: Inside the Trump White House,Michael Wolff,4.2,"13,677",$6.00,$6,2018,Non Fiction
First 100 Words,Roger Priddy,4.7,"17,323",$4.00,$4,2014,Non Fiction
First 100 Words,Roger Priddy,4.7,"17,323",$4.00,$4,2015,Non Fiction
First 100 Words,Roger Priddy,4.7,"17,323",$4.00,$4,2016,Non Fiction
First 100 Words,Roger Priddy,4.7,"17,323",$4.00,$4,2017,Non Fiction
First 100 Words,Roger Priddy,4.7,"17,323",$4.00,$4,2018,Non Fiction
Food Rules: An Eater's Manual,Michael Pollan,4.4,"1,555",$9.00,$9,2010,Non Fiction
Frozen (Little Golden Book),RH Disney,4.7,"3,642",$0.00,$0,2014,Fiction
"Game Change: Obama and the Clintons, McCain and Palin, and the Race of a Lifetime",John Heilemann,4.4,"1,215",$9.00,$9,2010,Non Fiction
Game of Thrones Boxed Set: A Game of Thrones/A Clash of Kings/A Storm of Swords/A Feast for Crows,George R.R. Martin,4.6,"5,594",$5.00,$5,2011,Fiction
Game of Thrones Boxed Set: A Game of Thrones/A Clash of Kings/A Storm of Swords/A Feast for Crows,George R.R. Martin,4.6,"5,594",$5.00,$5,2012,Fiction
Game of Thrones Boxed Set: A Game of Thrones/A Clash of Kings/A Storm of Swords/A Feast for Crows,George R.R. Martin,4.6,"5,594",$5.00,$5,2013,Fiction
George Washington's Sacred Fire,Peter A. Lillback,4.5,408,$20.00,$20,2010,Non Fiction
George Washington's Secret Six: The Spy Ring That Saved the American Revolution,Brian Kilmeade,4.6,"4,799",$16.00,$16,2013,Non Fiction
Get Out of Your Head: Stopping the Spiral of Toxic Thoughts,Jennie Allen,4.7,"12,879",$14.00,$14,2020,Non Fiction
Giraffes Can't Dance,Giles Andreae,4.8,"14,038",$4.00,$4,2015,Fiction
Giraffes Can't Dance,Giles Andreae,4.8,"14,038",$4.00,$4,2016,Fiction
Giraffes Can't Dance,Giles Andreae,4.8,"14,038",$4.00,$4,2017,Fiction
Giraffes Can't Dance,Giles Andreae,4.8,"14,038",$4.00,$4,2018,Fiction
Giraffes Can't Dance,Giles Andreae,4.8,"14,038",$4.00,$4,2019,Fiction
Giraffes Can't Dance,Giles Andreae,4.8,"23,356",$6.00,$6,2020,Fiction
"Girl, Stop Apologizing: A Shame-Free Plan for Embracing and Achieving Your Goals",Rachel Hollis,4.6,"7,660",$12.00,$12,2019,Non Fiction
"Girl, Wash Your Face: Stop Believing the Lies About Who You Are So You Can Become Who You Were Meant to Be",Rachel Hollis,4.6,"22,288",$12.00,$12,2018,Non Fiction
"Girl, Wash Your Face: Stop Believing the Lies About Who You Are So You Can Become Who You Were Meant to Be",Rachel Hollis,4.6,"22,288",$12.00,$12,2019,Non Fiction
"Glenn Beck's Common Sense: The Case Against an Out-of-Control Government, Inspired by Thomas Paine",Glenn Beck,4.6,"1,365",$11.00,$11,2009,Non Fiction
Go Set a Watchman: A Novel,Harper Lee,3.6,"14,982",$19.00,$19,2015,Fiction
Go Tell the Bees That I Am Gone: A Novel (Outlander) ,Diana Gabaldon,4.7,"52,777",$18.00,$18,2021,Fiction
Go the F**k to Sleep,Adam Mansbach,4.8,"9,568",$9.00,$9,2011,Fiction
Going Rogue: An American Life,Sarah Palin,4.6,"1,636",$6.00,$6,2009,Non Fiction
Gone Girl,Gillian Flynn,4.0,"57,271",$10.00,$10,2012,Fiction
Gone Girl,Gillian Flynn,4.0,"57,271",$10.00,$10,2013,Fiction
Gone Girl,Gillian Flynn,4.0,"57,271",$9.00,$9,2014,Fiction
Good Days Start With Gratitude: A 52 Week Guide To Cultivate An Attitude Of Gratitude: Gratitude Journal,Pretty Simple Press,4.6,"10,141",$6.00,$6,2019,Non Fiction
Good to Great: Why Some Companies Make the Leap and Others Don't,Jim Collins,4.5,"3,457",$14.00,$14,2009,Non Fiction
Good to Great: Why Some Companies Make the Leap and Others Don't,Jim Collins,4.5,"3,457",$14.00,$14,2010,Non Fiction
Good to Great: Why Some Companies Make the Leap and Others Don't,Jim Collins,4.5,"3,457",$14.00,$14,2011,Non Fiction
Good to Great: Why Some Companies Make the Leap and Others Don't,Jim Collins,4.5,"3,457",$14.00,$14,2012,Non Fiction
Goodnight Moon,Margaret Wise Brown,4.8,"8,837",$5.00,$5,2017,Fiction
Goodnight Moon,Margaret Wise Brown,4.8,"8,837",$5.00,$5,2018,Fiction
Goodnight Moon,Margaret Wise Brown,4.8,"8,837",$5.00,$5,2019,Fiction
"Goodnight, Goodnight Construction Site (Hardcover Books for Toddlers, Preschool Books for Kids)",Sherri Duskey Rinker,4.9,"7,038",$7.00,$7,2012,Fiction
"Goodnight, Goodnight Construction Site (Hardcover Books for Toddlers, Preschool Books for Kids)",Sherri Duskey Rinker,4.9,"7,038",$7.00,$7,2013,Fiction
"Grain Brain: The Surprising Truth about Wheat, Carbs, and Sugar--Your Brain's Silent Killers",David Perlmutter MD,4.6,"5,972",$10.00,$10,2014,Non Fiction
Greenlights,Matthew McConaughey,4.7,"26,740",$18.00,$18,2020,Non Fiction
Greenlights,Matthew McConaughey,4.7,"58,357",$15.98,$16,2021,Non Fiction
Grey: Fifty Shades of Grey as Told by Christian (Fifty Shades of Grey Series),E L James,4.4,"25,624",$14.00,$14,2015,Fiction
Grumpy Monkey,Suzanne Lang,4.8,"22,383",$10.62,$11,2021,Fiction
Guts,Raina Telgemeier,4.8,"5,476",$7.00,$7,2019,Non Fiction
Hamilton: The Revolution,Lin-Manuel Miranda,4.9,"5,867",$54.00,$54,2016,Non Fiction
"Happy, Happy, Happy: My Life and Legacy as the Duck Commander",Phil Robertson,4.8,"4,148",$11.00,$11,2013,Non Fiction
"Harry Potter and the Chamber of Secrets: The Illustrated Edition (Harry Potter, Book 2)",J.K. Rowling,4.9,"19,622",$30.00,$30,2016,Fiction
"Harry Potter and the Cursed Child, Parts 1 & 2, Special Rehearsal Edition Script",J.K. Rowling,4.0,"23,973",$12.00,$12,2016,Fiction
"Harry Potter and the Goblet of Fire: The Illustrated Edition (Harry Potter, Book 4) (4)",J. K. Rowling,4.9,"7,758",$18.00,$18,2019,Fiction
"Harry Potter and the Prisoner of Azkaban: The Illustrated Edition (Harry Potter, Book 3)",J.K. Rowling,4.9,"3,146",$30.00,$30,2017,Fiction
"Harry Potter and the Sorcerer's Stone: The Illustrated Edition (Harry Potter, Book 1)",J.K. Rowling,4.9,"10,052",$22.00,$22,2016,Fiction
Harry Potter Coloring Book,Scholastic,4.7,"3,564",$9.00,$9,2015,Non Fiction
Harry Potter Paperback Box Set (Books 1-7),J. K. Rowling,4.8,"13,471",$52.00,$52,2016,Fiction
Have a Little Faith: A True Story,Mitch Albom,4.8,"1,930",$4.00,$4,2009,Non Fiction
Heaven is for Real: A Little Boy's Astounding Story of His Trip to Heaven and Back,Todd Burpo,4.7,"15,779",$10.00,$10,2011,Non Fiction
Heaven is for Real: A Little Boy's Astounding Story of His Trip to Heaven and Back,Todd Burpo,4.7,"15,779",$10.00,$10,2012,Non Fiction
Hillbilly Elegy: A Memoir of a Family and Culture in Crisis,J. D. Vance,4.4,"15,526",$14.00,$14,2016,Non Fiction
Hillbilly Elegy: A Memoir of a Family and Culture in Crisis,J. D. Vance,4.4,"15,526",$14.00,$14,2017,Non Fiction
Homebody: A Guide to Creating Spaces You Never Want to Leave,Joanna Gaines,4.8,"3,776",$22.00,$22,2018,Non Fiction
How to Be an Antiracist,Ibram X. Kendi,4.8,"19,555",$13.00,$13,2020,Non Fiction
How to Catch a Mermaid,Adam Wallace,4.8,"17,538",$6.00,$6,2020,Fiction
How to Catch a Mermaid,Adam Wallace,4.8,"29,121",$6.00,$6,2021,Fiction
How to Catch a Unicorn,Adam Wallace,4.8,"19,988",$5.00,$5,2020,Fiction
How to Win Friends & Influence People,Dale Carnegie,4.7,"25,001",$11.00,$11,2014,Non Fiction
How to Win Friends & Influence People,Dale Carnegie,4.7,"25,001",$11.00,$11,2015,Non Fiction
How to Win Friends & Influence People,Dale Carnegie,4.7,"25,001",$11.00,$11,2016,Non Fiction
How to Win Friends & Influence People,Dale Carnegie,4.7,"25,001",$11.00,$11,2017,Non Fiction
How to Win Friends & Influence People,Dale Carnegie,4.7,"25,001",$11.00,$11,2018,Non Fiction
How to Win Friends & Influence People,Dale Carnegie,4.7,"70,752",$10.58,$11,2021,Non Fiction
Howard Stern Comes Again,Howard Stern,4.3,"5,272",$16.00,$16,2019,Non Fiction
Human Body Activity Book for Kids: Hands-On Fun for Grades K-3,Katie Stokes,4.7,"14,128",$5.00,$5,2020,Non Fiction
Humans of New York,Brandon Stanton,4.8,"3,490",$15.00,$15,2013,Non Fiction
Humans of New York,Brandon Stanton,4.8,"3,490",$15.00,$15,2014,Non Fiction
Humans of New York : Stories,Brandon Stanton,4.9,"2,812",$17.00,$17,2015,Non Fiction
"Hyperbole and a Half: Unfortunate Situations, Flawed Coping Mechanisms, Mayhem, and Other Things That Happened",Allie Brosh,4.7,"4,896",$17.00,$17,2013,Non Fiction
"I Am Confident, Brave & Beautiful: A Coloring Book for Girls",Hopscotch Girls,4.8,"9,737",$7.00,$7,2019,Non Fiction
"I Am Confident, Brave & Beautiful: A Coloring Book for Girls",Hopscotch Girls,4.8,"20,485",$9.00,$9,2020,Non Fiction
"I Am Confident, Brave & Beautiful: A Coloring Book for Girls ",Hopscotch Girls,4.8,"31,640",$6.99,$7,2021,Non Fiction
I Love You to the Moon and Back,Amelia Hepworth,4.9,"24,356",$1.00,$1,2020,Fiction
I Love You to the Moon and Back,Amelia Hepworth,4.9,"58,200",$4.31,$5,2021,Fiction
"I, Alex Cross",James Patterson,4.6,"1,320",$7.00,$7,2009,Fiction
If Animals Kissed Good Night,Ann Whitford Paul,4.8,"16,643",$4.00,$4,2017,Fiction
If Animals Kissed Good Night,Ann Whitford Paul,4.8,"16,643",$4.00,$4,2019,Fiction
If Animals Kissed Good Night,Ann Whitford Paul,4.5,"39,063",$4.00,$4,2020,Fiction
If Animals Kissed Good Night,Ann Whitford Paul,4.8,"68,304",$4.14,$5,2021,Fiction
If I Stay,Gayle Forman,4.3,"7,153",$9.00,$9,2014,Fiction
"In the Garden of Beasts: Love, Terror, and an American Family in Hitler's Berlin",Eric Larson,4.4,"4,571",$21.00,$21,2011,Non Fiction
Inferno,Dan Brown,4.1,"29,651",$14.00,$14,2013,Fiction
Inheritance: Book IV (Inheritance Cycle),Christopher Paolini,4.6,"5,299",$20.00,$20,2011,Fiction
Instant Pot Pressure Cooker Cookbook: 500 Everyday Recipes for Beginners and Advanced Users. Try Easy and Healthy???????,Jennifer Smith,4.4,"7,396",$13.00,$13,2019,Non Fiction
Instant Pot Pressure Cooker Cookbook: 500 Everyday Recipes for Beginners and Advanced Users. Try Easy and Healthy???????,Jennifer Smith,4.4,"7,396",$13.00,$13,2018,Non Fiction
It Ends with Us: A Novel (1),Colleen Hoover,4.7,"141,748",$10.26,$11,2021,Fiction
It's Not Supposed to Be This Way: Finding Unexpected Strength When Disappointments Leave You Shattered,Lysa TerKeurst,4.8,"7,062",$12.00,$12,2019,Non Fiction
Jesus Calling: Enjoying Peace in His Presence (with Scripture References),Sarah Young,4.9,"19,576",$8.00,$8,2011,Non Fiction
Jesus Calling: Enjoying Peace in His Presence (with Scripture References),Sarah Young,4.9,"19,576",$8.00,$8,2012,Non Fiction
Jesus Calling: Enjoying Peace in His Presence (with Scripture References),Sarah Young,4.9,"19,576",$8.00,$8,2013,Non Fiction
Jesus Calling: Enjoying Peace in His Presence (with Scripture References),Sarah Young,4.9,"19,576",$8.00,$8,2014,Non Fiction
Jesus Calling: Enjoying Peace in His Presence (with Scripture References),Sarah Young,4.9,"19,576",$8.00,$8,2015,Non Fiction
Jesus Calling: Enjoying Peace in His Presence (with Scripture References),Sarah Young,4.9,"19,576",$8.00,$8,2016,Non Fiction
JOURNEY TO THE ICE P,RH Disney,4.6,978,$0.00,$0,2014,Fiction
Joyland (Hard Case Crime),Stephen King,4.5,"4,748",$12.00,$12,2013,Fiction
Killers of the Flower Moon: The Osage Murders and the Birth of the FBI,David Grann,4.6,"8,393",$17.00,$17,2017,Non Fiction
Killing Jesus (Bill O'Reilly's Killing Series),Bill O'Reilly,4.5,"11,391",$12.00,$12,2013,Non Fiction
Killing Kennedy: The End of Camelot,Bill O'Reilly,4.6,"8,634",$25.00,$25,2012,Non Fiction
Killing Lincoln: The Shocking Assassination that Changed America Forever (Bill O'Reilly's Killing Series),Bill O'Reilly,4.7,"9,342",$10.00,$10,2011,Non Fiction
Killing Lincoln: The Shocking Assassination that Changed America Forever (Bill O'Reilly's Killing Series),Bill O'Reilly,4.7,"9,342",$10.00,$10,2012,Non Fiction
Killing Patton: The Strange Death of World War II's Most Audacious General (Bill O'Reilly's Killing Series),Bill O'Reilly,4.6,"10,927",$6.00,$6,2014,Non Fiction
Killing Reagan: The Violent Assault That Changed a Presidency (Bill O'Reilly's Killing Series),Bill O'Reilly,4.6,"5,235",$5.00,$5,2015,Non Fiction
Killing the Rising Sun: How America Vanquished World War II Japan (Bill O'Reilly's Killing Series),Bill O'Reilly,4.8,"8,916",$6.00,$6,2016,Non Fiction
Kitchen Confidential Updated Edition: Adventures in the Culinary Underbelly (P.S.),Anthony Bourdain,4.8,"2,507",$8.00,$8,2018,Non Fiction
Knock-Knock Jokes for Kids,Rob Elliott,4.5,"3,673",$4.00,$4,2013,Non Fiction
Knock-Knock Jokes for Kids,Rob Elliott,4.5,"3,673",$4.00,$4,2014,Non Fiction
Knock-Knock Jokes for Kids,Rob Elliott,4.5,"3,673",$4.00,$4,2015,Non Fiction
"Last Week Tonight with John Oliver Presents A Day in the Life of Marlon Bundo (Better Bundo Book, LGBT Children???€?s Book)",Jill Twiss,4.9,"11,881",$13.00,$13,2018,Fiction
Laugh-Out-Loud Jokes for Kids,Rob Elliott,4.6,"6,990",$4.00,$4,2013,Non Fiction
Laugh-Out-Loud Jokes for Kids,Rob Elliott,4.6,"6,990",$4.00,$4,2014,Non Fiction
Laugh-Out-Loud Jokes for Kids,Rob Elliott,4.6,"6,990",$4.00,$4,2015,Non Fiction
Laugh-Out-Loud Jokes for Kids,Rob Elliott,4.6,"6,990",$4.00,$4,2016,Non Fiction
Laugh-Out-Loud Jokes for Kids,Rob Elliott,4.6,"6,990",$4.00,$4,2017,Non Fiction
"Lean In: Women, Work, and the Will to Lead",Sheryl Sandberg,4.5,"6,132",$13.00,$13,2013,Non Fiction
Leonardo da Vinci,Walter Isaacson,4.5,"3,014",$21.00,$21,2017,Non Fiction
Lettering and Modern Calligraphy: A Beginner's Guide: Learn Hand Lettering and Brush Lettering,Paper Peony Press,4.4,"7,550",$6.00,$6,2018,Non Fiction
Liberty and Tyranny: A Conservative Manifesto,Mark R. Levin,4.8,"3,828",$15.00,$15,2009,Non Fiction
Life,Keith Richards,4.5,"2,752",$18.00,$18,2010,Non Fiction
Little Bee: A Novel,Chris Cleave,4.1,"1,467",$10.00,$10,2010,Fiction
Little Blue Truck,Alice Schertle,4.9,"1,884",$0.00,$0,2014,Fiction
Little Fires Everywhere,Celeste Ng,4.5,"25,706",$12.00,$12,2018,Fiction
Little Fires Everywhere,Celeste Ng,4.5,"43,514",$10.00,$10,2020,Fiction
Live Free Or Die: America (and the World) on the Brink,Sean Hannity,4.8,"20,153",$15.00,$15,2020,Non Fiction
Looking for Alaska,John Green,4.5,"8,491",$7.00,$7,2014,Fiction
"Love Wins: A Book About Heaven, Hell, and the Fate of Every Person Who Ever Lived",Rob Bell,4.2,"1,649",$13.00,$13,2011,Non Fiction
Love You Forever,Robert Munsch,4.8,"18,613",$5.00,$5,2014,Fiction
Love You Forever,Robert Munsch,4.8,"18,613",$5.00,$5,2015,Fiction
"Magnolia Table, Volume 2",Joanna Gaines,4.9,"16,515",$17.00,$17,2020,Non Fiction
Magnolia Table: A Collection of Recipes for Gathering,Joanna Gaines,4.8,"9,867",$16.00,$16,2018,Non Fiction
Make It Ahead: A Barefoot Contessa Cookbook,Ina Garten,4.5,"1,386",$20.00,$20,2014,Non Fiction
Make Your Bed: Little Things That Can Change Your Life...And Maybe the World,Admiral William H. McRaven,4.7,"10,199",$11.00,$11,2017,Non Fiction
"Mastering the Art of French Cooking, Vol. 2",Julia Child,4.8,"2,926",$27.00,$27,2009,Non Fiction
Midnight Sun,Stephenie Meyer,4.8,"64,215",$13.00,$13,2020,Fiction
Milk and Honey,Rupi Kaur,4.7,"17,739",$8.00,$8,2016,Non Fiction
Milk and Honey,Rupi Kaur,4.7,"17,739",$8.00,$8,2017,Non Fiction
Milk and Honey,Rupi Kaur,4.7,"17,739",$8.00,$8,2018,Non Fiction
Milk and Vine: Inspirational Quotes From Classic Vines,Adam Gasiewski,4.4,"3,113",$6.00,$6,2017,Non Fiction
Mindset: The New Psychology of Success,Carol S. Dweck,4.6,"5,542",$10.00,$10,2014,Non Fiction
Mindset: The New Psychology of Success,Carol S. Dweck,4.6,"5,542",$10.00,$10,2015,Non Fiction
Mindset: The New Psychology of Success,Carol S. Dweck,4.6,"5,542",$10.00,$10,2016,Non Fiction
Mockingjay (The Hunger Games),Suzanne Collins,4.5,"26,741",$8.00,$8,2010,Fiction
Mockingjay (The Hunger Games),Suzanne Collins,4.5,"26,741",$8.00,$8,2011,Fiction
Mockingjay (The Hunger Games),Suzanne Collins,4.5,"26,741",$8.00,$8,2012,Fiction
Modern Comfort Food: A Barefoot Contessa Cookbook,Ina Garten,4.8,"11,769",$21.00,$21,2020,Non Fiction
My First Learn to Write Workbook,Crystal Radke,4.8,"45,694",$15.00,$15,2020,Non Fiction
My First Learn to Write Workbook,Crystal Radke,4.8,"75,486",$4.07,$5,2021,Non Fiction
My First LIbrary: Boxset of 10 Board Books for Kids,Wonder House Books,4.6,"60,070",$14.40,$15,2021,Fiction
"National Geographic Kids Why?: Over 1,111 Answers to Everything",Crispin Boyer,4.8,"5,347",$16.00,$16,2019,Non Fiction
National Geographic Little Kids First Big Book of Why (National Geographic Little Kids First Big Books),Amy Shields,4.8,"7,866",$11.00,$11,2019,Non Fiction
New Moon (The Twilight Saga),Stephenie Meyer,4.6,"5,680",$10.00,$10,2009,Fiction
Night (Night),Elie Wiesel,4.7,"5,178",$9.00,$9,2016,Non Fiction
No Easy Day: The Autobiography of a Navy Seal: The Firsthand Account of the Mission That Killed Osama Bin Laden,Mark Owen,4.6,"8,093",$14.00,$14,2012,Non Fiction
Obama: An Intimate Portrait,Pete Souza,4.9,"3,192",$22.00,$22,2017,Non Fiction
"Oh, the Places You'll Go!",Dr. Seuss,4.9,"21,834",$8.00,$8,2012,Fiction
"Oh, the Places You'll Go!",Dr. Seuss,4.9,"21,834",$8.00,$8,2013,Fiction
"Oh, the Places You'll Go!",Dr. Seuss,4.9,"21,834",$8.00,$8,2014,Fiction
"Oh, the Places You'll Go!",Dr. Seuss,4.9,"21,834",$8.00,$8,2015,Fiction
"Oh, the Places You'll Go!",Dr. Seuss,4.9,"21,834",$8.00,$8,2016,Fiction
"Oh, the Places You'll Go!",Dr. Seuss,4.9,"21,834",$8.00,$8,2017,Fiction
"Oh, the Places You'll Go!",Dr. Seuss,4.9,"21,834",$8.00,$8,2018,Fiction
"Oh, the Places You'll Go!",Dr. Seuss,4.9,"21,834",$8.00,$8,2019,Fiction
"Oh, the Places You'll Go!",Dr. Seuss,4.9,"41,796",$8.48,$9,2021,Fiction
Old School (Diary of a Wimpy Kid #10),Jeff Kinney,4.8,"6,169",$7.00,$7,2015,Fiction
Olive Kitteridge,Elizabeth Strout,4.2,"4,519",$12.00,$12,2009,Fiction
One Thousand Gifts: A Dare to Live Fully Right Where You Are,Ann Voskamp,4.6,"3,163",$13.00,$13,2011,Non Fiction
One Thousand Gifts: A Dare to Live Fully Right Where You Are,Ann Voskamp,4.6,"3,163",$13.00,$13,2012,Non Fiction
"Option B: Facing Adversity, Building Resilience, and Finding Joy",Sheryl Sandberg,4.5,"1,831",$9.00,$9,2017,Non Fiction
Origin: A Novel (Robert Langdon),Dan Brown,4.3,"18,904",$13.00,$13,2017,Fiction
Orphan Train,Christina Baker Kline,4.6,"21,930",$11.00,$11,2014,Fiction
Outliers: The Story of Success,Malcolm Gladwell,4.6,"10,426",$20.00,$20,2009,Non Fiction
Outliers: The Story of Success,Malcolm Gladwell,4.6,"10,426",$20.00,$20,2010,Non Fiction
P is for Potty! (Sesame Street) (Lift-the-Flap),Naomi Kleinberg,4.7,"10,820",$5.00,$5,2018,Non Fiction
P is for Potty! (Sesame Street) (Lift-the-Flap),Naomi Kleinberg,4.7,"10,820",$5.00,$5,2019,Non Fiction
Paint by Sticker Kids: Unicorns & Magic: Create 10 Pictures One Sticker at a Time! Includes Glitter Stickers,Workman Publishing,4.8,"12,643",$9.00,$9,2020,Fiction
Paint by Sticker Kids: Zoo Animals: Create 10 Pictures One Sticker at a Time!,Workman Publishing,4.8,"12,852",$6.00,$6,2020,Fiction
Paint by Sticker Kids: Zoo Animals: Create 10 Pictures One Sticker at a Time!,Workman Publishing,4.8,"21,271",$8.49,$9,2021,Fiction
Percy Jackson and the Olympians Paperback Boxed Set (Books 1-3),Rick Riordan,4.8,548,$2.00,$2,2010,Fiction
Peril,"Bob Woodward, Robert Costa",4.6,"20,037",$14.16,$15,2021,Non Fiction
Player's Handbook (Dungeons & Dragons),Wizards RPG Team,4.8,"16,990",$27.00,$27,2017,Fiction
Player's Handbook (Dungeons & Dragons),Wizards RPG Team,4.8,"16,990",$27.00,$27,2018,Fiction
Player's Handbook (Dungeons & Dragons),Wizards RPG Team,4.8,"16,990",$27.00,$27,2019,Fiction
Pok????mon Deluxe Essential Handbook: The Need-to-Know Stats and Facts on Over 700 Pok????mon,Scholastic,4.7,"3,503",$9.00,$9,2016,Fiction
"Prayer Journal for Women: 52 Week Scripture, Devotional & Guided Prayer Journal",Shannon Roberts,4.8,"26,462",$10.00,$10,2020,Non Fiction
Proof of Heaven: A Neurosurgeon's Journey into the Afterlife,Eben Alexander,4.3,"13,616",$10.00,$10,2012,Non Fiction
Proof of Heaven: A Neurosurgeon's Journey into the Afterlife,Eben Alexander,4.3,"13,616",$10.00,$10,2013,Non Fiction
Publication Manual (OFFICIAL) 7th Edition of the American Psychological Association,American Psychological Association,4.8,"27,726",$26.00,$26,2021,Non Fiction
"Publication Manual of the American Psychological Association, 6th Edition",American Psychological Association,4.5,"8,580",$46.00,$46,2009,Non Fiction
"Publication Manual of the American Psychological Association, 6th Edition",American Psychological Association,4.5,"8,580",$46.00,$46,2010,Non Fiction
"Publication Manual of the American Psychological Association, 6th Edition",American Psychological Association,4.5,"8,580",$46.00,$46,2011,Non Fiction
"Publication Manual of the American Psychological Association, 6th Edition",American Psychological Association,4.5,"8,580",$46.00,$46,2012,Non Fiction
"Publication Manual of the American Psychological Association, 6th Edition",American Psychological Association,4.5,"8,580",$46.00,$46,2013,Non Fiction
"Publication Manual of the American Psychological Association, 6th Edition",American Psychological Association,4.5,"8,580",$46.00,$46,2014,Non Fiction
"Publication Manual of the American Psychological Association, 6th Edition",American Psychological Association,4.5,"8,580",$46.00,$46,2015,Non Fiction
"Publication Manual of the American Psychological Association, 6th Edition",American Psychological Association,4.5,"8,580",$46.00,$46,2016,Non Fiction
"Publication Manual of the American Psychological Association, 6th Edition",American Psychological Association,4.5,"8,580",$46.00,$46,2017,Non Fiction
"Publication Manual of the American Psychological Association, 6th Edition",American Psychological Association,4.5,"8,580",$46.00,$46,2018,Non Fiction
Puppy Birthday to You! (Paw Patrol) (Little Golden Book),Golden Books,4.8,"4,757",$4.00,$4,2017,Fiction
Quiet: The Power of Introverts in a World That Can't Stop Talking,Susan Cain,4.6,"10,009",$20.00,$20,2012,Non Fiction
Quiet: The Power of Introverts in a World That Can't Stop Talking,Susan Cain,4.6,"10,009",$7.00,$7,2013,Non Fiction
Radical: Taking Back Your Faith from the American Dream,David Platt,4.7,"1,985",$9.00,$9,2010,Non Fiction
Radical: Taking Back Your Faith from the American Dream,David Platt,4.7,"1,985",$9.00,$9,2011,Non Fiction
Rage,Bob Woodward,4.7,"27,788",$15.00,$15,2020,Non Fiction
Ready Player One: A Novel,Ernest Cline,4.6,"22,536",$12.00,$12,2017,Fiction
Ready Player One: A Novel,Ernest Cline,4.6,"22,536",$12.00,$12,2018,Fiction
Rich Dad Poor Dad: What the Rich Teach Their Kids About Money That the Poor and Middle Class Do Not!,Robert T. Kiyosaki,4.7,"90,390",$15.49,$16,2021,Non Fiction
Rush Revere and the Brave Pilgrims: Time-Travel Adventures with Exceptional Americans (1),Rush Limbaugh,4.9,"7,150",$12.00,$12,2013,Fiction
Rush Revere and the First Patriots: Time-Travel Adventures With Exceptional Americans (2),Rush Limbaugh,4.9,"3,836",$12.00,$12,2014,Fiction
"Salt, Fat, Acid, Heat: Mastering the Elements of Good Cooking",Samin Nosrat,4.8,"7,802",$20.00,$20,2018,Non Fiction
"Salt, Fat, Acid, Heat: Mastering the Elements of Good Cooking",Samin Nosrat,4.8,"7,802",$20.00,$20,2019,Non Fiction
Sarah's Key,Tatiana de Rosnay,4.6,"3,619",$10.00,$10,2010,Fiction
School Zone,School Zone,4.8,"45,485",$8.00,$8,2020,Fiction
"School Zone - Big Preschool Workbook - 320 Pages, Ages 3 to 5, Colors, Shapes, Numbers, Early Math, Alphabet, Pre-Writing, Phonics, Following Directions, and More (School Zone Big Workbook Series)",School Zone,4.8,"65,184",$4.79,$5,2021,Non Fiction
"School Zone - Big Preschool Workbook - Ages 4 and Up, Colors, Shapes, Numbers 1-10, Alphabet, Pre-Writing, Pre-Reading???????",School Zone,4.8,"23,047",$6.00,$6,2018,Non Fiction
"School Zone - Big Preschool Workbook - Ages 4 and Up, Colors, Shapes, Numbers 1-10, Alphabet, Pre-Writing, Pre-Reading???????",School Zone,4.8,"23,047",$6.00,$6,2019,Non Fiction
"Secret Garden: An Inky Treasure Hunt and Coloring Book (For Adults, mindfulness coloring)",Johanna Basford,4.7,"9,366",$9.00,$9,2015,Non Fiction
"Self-Love Workbook for Women: Release Self-Doubt, Build Self-Compassion, and Embrace Who You Are (Self-Help Workbooks for Women)",Megan Logan MSW LCSW ,4.7,"15,104",$9.59,$10,2021,Non Fiction
Sh*t My Dad Says,Justin Halpern,4.7,"1,265",$11.00,$11,2010,Non Fiction
Ship of Fools: How a Selfish Ruling Class Is Bringing America to the Brink of Revolution,Tucker Carlson,4.8,"3,923",$16.00,$16,2018,Non Fiction
Shred: The Revolutionary Diet: 6 Weeks 4 Inches 2 Sizes,Ian K. Smith M.D.,4.1,"2,272",$6.00,$6,2013,Non Fiction
Sookie Stackhouse,Charlaine Harris,4.7,973,$25.00,$25,2009,Fiction
"Soul Healing Miracles: Ancient and New Sacred Wisdom, Knowledge, and Practical Techniques for Healing the Spiritual???????",Zhi Gang Sha,4.6,220,$17.00,$17,2013,Non Fiction
Steve Jobs,Walter Isaacson,4.6,"7,827",$20.00,$20,2011,Non Fiction
Steve Jobs,Walter Isaacson,4.6,"7,827",$20.00,$20,2012,Non Fiction
Strange Planet (Strange Planet Series),Nathan W. Pyle,4.9,"9,382",$6.00,$6,2019,Fiction
StrengthsFinder 2.0,Gallup,4.0,"5,069",$17.00,$17,2009,Non Fiction
StrengthsFinder 2.0,Gallup,4.0,"5,069",$17.00,$17,2010,Non Fiction
StrengthsFinder 2.0,Gallup,4.0,"5,069",$17.00,$17,2011,Non Fiction
StrengthsFinder 2.0,Gallup,4.0,"5,069",$17.00,$17,2012,Non Fiction
StrengthsFinder 2.0,Gallup,4.0,"5,069",$17.00,$17,2013,Non Fiction
StrengthsFinder 2.0,Gallup,4.0,"5,069",$17.00,$17,2014,Non Fiction
StrengthsFinder 2.0,Gallup,4.0,"5,069",$17.00,$17,2015,Non Fiction
StrengthsFinder 2.0,Gallup,4.0,"5,069",$17.00,$17,2016,Non Fiction
StrengthsFinder 2.0,Gallup,4.0,"5,069",$17.00,$17,2017,Non Fiction
"Super Freakonomics: Global Cooling, Patriotic Prostitutes, and Why Suicide Bombers Should Buy Life Insurance",Steven D. Levitt,4.5,"1,583",$18.00,$18,2009,Non Fiction
Switch: How to Change Things When Change Is Hard,Chip Heath,4.6,"1,907",$13.00,$13,2010,Non Fiction
Sycamore Row (Jake Brigance),John Grisham,4.5,"23,114",$18.00,$18,2013,Fiction
Teach Like a Champion: 49 Techniques that Put Students on the Path to College,Doug Lemov,4.4,637,$20.00,$20,2010,Non Fiction
Teach Like a Champion: 49 Techniques that Put Students on the Path to College,Doug Lemov,4.4,637,$20.00,$20,2011,Non Fiction
The 17 Day Diet: A Doctor's Plan Designed for Rapid Results,Mike Moreno,4.3,"2,314",$22.00,$22,2011,Non Fiction
"The 4 Hour Body: An Uncommon Guide to Rapid Fat Loss, Incredible Sex and Becoming Superhuman",Timothy Ferriss,4.3,"4,587",$21.00,$21,2011,Non Fiction
The 48 Laws of Power,Robert Greene,4.7,"49,270",$11.60,$12,2021,Non Fiction
The 5 Love Languages: The Secret to Love That Lasts,Gary Chapman,4.7,"3,477",$28.00,$28,2010,Non Fiction
The 5 Love Languages: The Secret to Love That Lasts,Gary Chapman,4.7,"3,477",$28.00,$28,2011,Non Fiction
The 5 Love Languages: The Secret to Love That Lasts,Gary Chapman,4.7,"3,477",$28.00,$28,2012,Non Fiction
The 5 Love Languages: The Secret to Love That Lasts,Gary Chapman,4.7,"3,477",$28.00,$28,2013,Non Fiction
The 5 Love Languages: The Secret to Love That Lasts,Gary Chapman,4.7,"3,477",$28.00,$28,2014,Non Fiction
The 5 Love Languages: The Secret to Love that Lasts,Gary Chapman,4.8,"25,554",$8.00,$8,2015,Non Fiction
The 5 Love Languages: The Secret to Love that Lasts,Gary Chapman,4.8,"25,554",$8.00,$8,2016,Non Fiction
The 5 Love Languages: The Secret to Love that Lasts,Gary Chapman,4.8,"25,554",$8.00,$8,2017,Non Fiction
The 5 Love Languages: The Secret to Love that Lasts,Gary Chapman,4.8,"25,554",$8.00,$8,2018,Non Fiction
The 5 Love Languages: The Secret to Love that Lasts,Gary Chapman,4.8,"25,554",$8.00,$8,2019,Non Fiction
The 5 Love Languages: The Secret to Love that Lasts,Gary Chapman,4.8,"44,174",$8.00,$8,2020,Non Fiction
The 5 Love Languages: The Secret to Love that Lasts,Gary Chapman,4.8,"68,263",$7.57,$8,2021,Non Fiction
The 5000 Year Leap,W. Cleon Skousen,4.8,"1,680",$12.00,$12,2009,Non Fiction
The 7 Habits of Highly Effective People: Powerful Lessons in Personal Change,Stephen R. Covey,4.6,"9,325",$24.00,$24,2009,Non Fiction
The 7 Habits of Highly Effective People: Powerful Lessons in Personal Change,Stephen R. Covey,4.6,"9,325",$24.00,$24,2011,Non Fiction
The 7 Habits of Highly Effective People: Powerful Lessons in Personal Change,Stephen R. Covey,4.6,"9,325",$24.00,$24,2012,Non Fiction
The 7 Habits of Highly Effective People: Powerful Lessons in Personal Change,Stephen R. Covey,4.6,"9,325",$24.00,$24,2013,Non Fiction
The 7 Habits of Highly Effective People: Powerful Lessons in Personal Change,Stephen R. Covey,4.7,"4,725",$16.00,$16,2015,Non Fiction
The 7 Habits of Highly Effective People: Powerful Lessons in Personal Change,Stephen R. Covey,4.7,"4,725",$16.00,$16,2016,Non Fiction
The 7 Habits of Highly Effective People: Powerful Lessons in Personal Change,Stephen R. Covey,4.7,"4,725",$16.00,$16,2017,Non Fiction
The Alchemist,Paulo Coelho,4.7,"35,799",$39.00,$39,2014,Fiction
"The Alchemist, 25th Anniversary: A Fable About Following Your Dream",Paulo Coelho,4.7,"91,743",$13.99,$14,2021,Fiction
The Amateur,Edward Klein,4.6,"2,580",$9.00,$9,2012,Non Fiction
The Art of Racing in the Rain: A Novel,Garth Stein,4.7,"11,813",$10.00,$10,2010,Fiction
The Art of Racing in the Rain: A Novel,Garth Stein,4.7,"11,813",$10.00,$10,2011,Fiction
The Ballad of Songbirds and Snakes,Suzanne Collins,4.7,"37,173",$14.00,$14,2020,Fiction
The Big Book of Silly Jokes for Kids,Carole P. Roman,4.7,"11,668",$9.00,$9,2020,Fiction
The Big Short: Inside the Doomsday Machine,Michael Lewis,4.7,"3,536",$17.00,$17,2010,Non Fiction
The Blood of Olympus (The Heroes of Olympus (5)),Rick Riordan,4.8,"6,600",$11.00,$11,2014,Fiction
"The Blood Sugar Solution: The UltraHealthy Program for Losing Weight, Preventing Disease, and Feeling Great Now!",Mark Hyman M.D.,4.2,"1,789",$14.00,$14,2012,Non Fiction
"The Body Keeps the Score: Brain, Mind, and Body in the Healing of Trauma",Bessel van der Kolk M.D.,4.8,"12,361",$12.00,$12,2019,Non Fiction
"The Body Keeps the Score: Brain, Mind, and Body in the Healing of Trauma",Bessel van der Kolk M.D.,4.8,"24,327",$8.00,$8,2020,Non Fiction
"The Body Keeps the Score: Brain, Mind, and Body in the Healing of Trauma",Bessel van der Kolk M.D.,4.8,"53,535",$11.40,$12,2021,Non Fiction
The Book of Basketball: The NBA According to The Sports Guy,Bill Simmons,4.7,858,$53.00,$53,2009,Non Fiction
The Book Thief,Markus Zusak,4.6,"23,148",$6.00,$6,2013,Fiction
The Book Thief,Markus Zusak,4.6,"23,148",$6.00,$6,2014,Fiction
The Book with No Pictures,B. J. Novak,4.8,"8,081",$8.00,$8,2014,Fiction
The Book with No Pictures,B. J. Novak,4.8,"8,081",$8.00,$8,2015,Fiction
"The Boy, the Mole, the Fox and the Horse",Charlie Mackesy,4.9,"53,549",$15.00,$15,2020,Non Fiction
"The Boy, the Mole, the Fox and the Horse",Charlie Mackesy,4.8,"106,658",$10.35,$11,2021,Non Fiction
The Boys in the Boat: Nine Americans and Their Epic Quest for Gold at the 1936 Berlin Olympics,Daniel James Brown,4.8,"23,358",$12.00,$12,2014,Non Fiction
The Boys in the Boat: Nine Americans and Their Epic Quest for Gold at the 1936 Berlin Olympics,Daniel James Brown,4.8,"23,358",$12.00,$12,2015,Non Fiction
The Casual Vacancy,J.K. Rowling,3.3,"9,372",$12.00,$12,2012,Fiction
The China Study: The Most Comprehensive Study of Nutrition Ever Conducted And the Startling Implications for Diet???????,Thomas Campbell,4.7,"4,633",$21.00,$21,2011,Non Fiction
The Complete Ketogenic Diet for Beginners: Your Essential Guide to Living the Keto Lifestyle,Amy Ramos,4.3,"13,061",$6.00,$6,2018,Non Fiction
The Complete Ketogenic Diet for Beginners: Your Essential Guide to Living the Keto Lifestyle,Amy Ramos,4.3,"13,061",$6.00,$6,2019,Non Fiction
The Confession: A Novel,John Grisham,4.3,"3,523",$13.00,$13,2010,Fiction
The Constitution of the United States,Delegates of the Constitutional???€?,4.8,"2,774",$0.00,$0,2016,Non Fiction
The Daily Show with Jon Stewart Presents Earth (The Book): A Visitor's Guide to the Human Race,Jon Stewart,4.4,440,$11.00,$11,2010,Non Fiction
The Day the Crayons Quit,Drew Daywalt,4.8,"8,922",$9.00,$9,2013,Fiction
The Day the Crayons Quit,Drew Daywalt,4.8,"8,922",$9.00,$9,2014,Fiction
The Day the Crayons Quit,Drew Daywalt,4.8,"8,922",$9.00,$9,2015,Fiction
The Deep End (Diary of a Wimpy Kid Book 15),Jeff Kinney,4.9,"26,047",$7.00,$7,2020,Fiction
"The Dukan Diet: 2 Steps to Lose the Weight, 2 Steps to Keep It Off Forever",Pierre Dukan,4.1,"2,023",$15.00,$15,2011,Non Fiction
The Elegance of the Hedgehog,Muriel Barbery,4.0,"1,859",$11.00,$11,2009,Fiction
The Fault in Our Stars,John Green,4.7,"50,482",$13.00,$13,2012,Fiction
The Fault in Our Stars,John Green,4.7,"50,482",$13.00,$13,2013,Fiction
The Fault in Our Stars,John Green,4.7,"50,482",$7.00,$7,2014,Fiction
The Fault in Our Stars,John Green,4.7,"50,482",$13.00,$13,2014,Fiction
The Five Dysfunctions of a Team: A Leadership Fable,Patrick Lencioni,4.6,"3,207",$6.00,$6,2009,Non Fiction
The Five Dysfunctions of a Team: A Leadership Fable,Patrick Lencioni,4.6,"3,207",$6.00,$6,2010,Non Fiction
The Five Dysfunctions of a Team: A Leadership Fable,Patrick Lencioni,4.6,"3,207",$6.00,$6,2011,Non Fiction
The Five Dysfunctions of a Team: A Leadership Fable,Patrick Lencioni,4.6,"3,207",$6.00,$6,2012,Non Fiction
The Five Dysfunctions of a Team: A Leadership Fable,Patrick Lencioni,4.6,"3,207",$6.00,$6,2013,Non Fiction
The Five Love Languages: How to Express Heartfelt Commitment to Your Mate,Gary Chapman,4.6,803,$9.00,$9,2009,Non Fiction
The Four Agreements: A Practical Guide to Personal Freedom,Don Miguel Ruiz,4.7,"45,368",$6.00,$6,2020,Non Fiction
The Four Agreements: A Practical Guide to Personal Freedom,Don Miguel Ruiz,4.7,"48,326",$7.74,$8,2021,Non Fiction
The Four Agreements: A Practical Guide to Personal Freedom (A Toltec Wisdom Book),Don Miguel Ruiz,4.7,"23,308",$6.00,$6,2013,Non Fiction
The Four Agreements: A Practical Guide to Personal Freedom (A Toltec Wisdom Book),Don Miguel Ruiz,4.7,"23,308",$6.00,$6,2015,Non Fiction
The Four Agreements: A Practical Guide to Personal Freedom (A Toltec Wisdom Book),Don Miguel Ruiz,4.7,"23,308",$6.00,$6,2016,Non Fiction
The Four Agreements: A Practical Guide to Personal Freedom (A Toltec Wisdom Book),Don Miguel Ruiz,4.7,"23,308",$6.00,$6,2017,Non Fiction
The Four Agreements: A Practical Guide to Personal Freedom (A Toltec Wisdom Book),Don Miguel Ruiz,4.7,"23,308",$6.00,$6,2018,Non Fiction
The Four Agreements: A Practical Guide to Personal Freedom (A Toltec Wisdom Book),Don Miguel Ruiz,4.7,"23,308",$6.00,$6,2019,Non Fiction
The Four Winds: A Novel,Kristin Hannah,4.5,"117,146",$13.79,$14,2021,Fiction
The Getaway,Jeff Kinney,4.8,"5,836",$0.00,$0,2017,Fiction
The Girl on the Train,Paula Hawkins,4.1,"79,446",$18.00,$18,2015,Fiction
The Girl on the Train,Paula Hawkins,4.1,"79,446",$7.00,$7,2016,Fiction
The Girl Who Kicked the Hornet's Nest (Millennium Trilogy),Stieg Larsson,4.7,"7,747",$14.00,$14,2010,Fiction
The Girl Who Kicked the Hornet's Nest (Millennium Trilogy),Stieg Larsson,4.7,"7,747",$14.00,$14,2011,Fiction
The Girl Who Played with Fire (Millennium Series),Stieg Larsson,4.7,"7,251",$9.00,$9,2010,Fiction
The Girl Who Played with Fire (Millennium),Stieg Larsson,4.7,"7,251",$16.00,$16,2009,Fiction
The Girl with the Dragon Tattoo (Millennium Series),Stieg Larsson,4.4,"10,559",$2.00,$2,2009,Fiction
The Girl with the Dragon Tattoo (Millennium Series),Stieg Larsson,4.4,"10,559",$2.00,$2,2010,Fiction
The Going-To-Bed Book,Sandra Boynton,4.8,"5,249",$5.00,$5,2016,Fiction
The Going-To-Bed Book,Sandra Boynton,4.8,"5,249",$5.00,$5,2017,Fiction
The Goldfinch: A Novel (Pulitzer Prize for Fiction),Donna Tartt,3.9,"33,844",$20.00,$20,2013,Fiction
The Goldfinch: A Novel (Pulitzer Prize for Fiction),Donna Tartt,3.9,"33,844",$20.00,$20,2014,Fiction
The Great Gatsby,F. Scott Fitzgerald,4.4,"11,616",$7.00,$7,2012,Fiction
The Great Gatsby,F. Scott Fitzgerald,4.4,"11,616",$7.00,$7,2013,Fiction
The Great Gatsby,F. Scott Fitzgerald,4.4,"11,616",$7.00,$7,2014,Fiction
The Guardians: A Novel,John Grisham,4.5,"13,609",$14.00,$14,2019,Fiction
The Guernsey Literary and Potato Peel Pie Society,Mary Ann Shaffer,4.7,"8,587",$10.00,$10,2009,Fiction
The Handmaid's Tale,Margaret Atwood,4.3,"29,442",$7.00,$7,2017,Fiction
The Harbinger: The Ancient Mystery that Holds the Secret of America's Future,Jonathan Cahn,4.6,"11,098",$13.00,$13,2012,Fiction
The Hate U Give,Angie Thomas,4.8,"9,947",$11.00,$11,2018,Fiction
The Help,Kathryn Stockett,4.8,"13,871",$6.00,$6,2009,Fiction
The Help,Kathryn Stockett,4.8,"13,871",$6.00,$6,2010,Fiction
The Help,Kathryn Stockett,4.8,"13,871",$8.00,$8,2011,Fiction
The Help,Kathryn Stockett,4.8,"13,871",$7.00,$7,2011,Fiction
The Hill We Climb: An Inaugural Poem for the Country,Amanda Gorman,4.9,"15,399",$9.58,$10,2021,Fiction
"The House of Hades (Heroes of Olympus, Book 4)",Rick Riordan,4.8,"6,982",$14.00,$14,2013,Fiction
The Hunger Games,Suzanne Collins,4.7,"32,122",$14.00,$14,2010,Fiction
The Hunger Games (Book 1),Suzanne Collins,4.7,"32,122",$8.00,$8,2011,Fiction
The Hunger Games (Book 1),Suzanne Collins,4.7,"32,122",$8.00,$8,2012,Fiction
The Hunger Games Trilogy Boxed Set (1),Suzanne Collins,4.8,"16,949",$30.00,$30,2011,Fiction
The Hunger Games Trilogy Boxed Set (1),Suzanne Collins,4.8,"16,949",$30.00,$30,2012,Fiction
The Immortal Life of Henrietta Lacks,Rebecca Skloot,4.7,"9,289",$13.00,$13,2010,Non Fiction
The Immortal Life of Henrietta Lacks,Rebecca Skloot,4.7,"9,289",$9.00,$9,2011,Non Fiction
The Immortal Life of Henrietta Lacks,Rebecca Skloot,4.7,"9,289",$9.00,$9,2012,Non Fiction
The Instant Pot Electric Pressure Cooker Cookbook: Easy Recipes for Fast & Healthy Meals,Laurel Randolph,4.3,"7,368",$7.00,$7,2017,Non Fiction
The Instant Pot Electric Pressure Cooker Cookbook: Easy Recipes for Fast & Healthy Meals,Laurel Randolph,4.3,"7,368",$7.00,$7,2018,Non Fiction
The Last Lecture,Randy Pausch,4.7,"4,028",$9.00,$9,2009,Non Fiction
"The Last Olympian (Percy Jackson and the Olympians, Book 5)",Rick Riordan,4.8,"4,628",$7.00,$7,2009,Fiction
"The Last Olympian (Percy Jackson and the Olympians, Book 5)",Rick Riordan,4.8,"4,628",$7.00,$7,2010,Fiction
The Last Thing He Told Me: A Novel,Laura Dave,4.3,"107,449",$13.09,$14,2021,Fiction
The Legend of Zelda: Hyrule Historia,Patrick Thorpe,4.9,"5,396",$20.00,$20,2013,Fiction
The Lego Ideas Book: Unlock Your Imagination,Daniel Lipkowitz,4.4,"4,247",$13.00,$13,2011,Non Fiction
The Lego Ideas Book: Unlock Your Imagination,Daniel Lipkowitz,4.4,"4,247",$13.00,$13,2012,Non Fiction
The Life-Changing Magic of Tidying Up: The Japanese Art of Decluttering and Organizing,Marie Kond????,4.5,"22,641",$11.00,$11,2015,Non Fiction
The Life-Changing Magic of Tidying Up: The Japanese Art of Decluttering and Organizing,Marie Kond????,4.5,"22,641",$11.00,$11,2016,Non Fiction
The Life-Changing Magic of Tidying Up: The Japanese Art of Decluttering and Organizing,Marie Kond????,4.5,"22,641",$11.00,$11,2017,Non Fiction
The Life-Changing Magic of Tidying Up: The Japanese Art of Decluttering and Organizing,Marie Kond????,4.5,"22,641",$11.00,$11,2019,Non Fiction
The Litigators,John Grisham,4.4,"6,222",$18.00,$18,2011,Fiction
"The Lost Hero (Heroes of Olympus, Book 1)",Rick Riordan,4.8,"4,506",$14.00,$14,2010,Fiction
The Lost Symbol,Dan Brown,4.2,"8,747",$19.00,$19,2009,Fiction
The Love Dare,Stephen Kendrick,4.8,"1,655",$13.00,$13,2009,Non Fiction
The Magnolia Story,Chip Gaines,4.9,"7,861",$5.00,$5,2016,Non Fiction
"The Mark of Athena (Heroes of Olympus, Book 3)",Rick Riordan,4.8,"6,247",$10.00,$10,2012,Fiction
The Martian,Andy Weir,4.7,"39,459",$9.00,$9,2015,Fiction
The Maze Runner (Book 1),James Dashner,4.5,"10,101",$8.00,$8,2014,Fiction
The Meltdown (Diary of a Wimpy Kid Book 13),Jeff Kinney,4.8,"5,898",$8.00,$8,2018,Fiction
The Midnight Library: A Novel,Matt Haig,4.3,"193,482",$13.29,$14,2021,Fiction
The Mueller Report,The Washington Post,4.6,"2,744",$12.00,$12,2019,Non Fiction
The Nightingale: A Novel,Kristin Hannah,4.8,"49,288",$11.00,$11,2015,Fiction
The Nightingale: A Novel,Kristin Hannah,4.8,"49,288",$11.00,$11,2016,Fiction
The Official SAT Study Guide,The College Board,4.4,"1,201",$40.00,$40,2010,Non Fiction
The Official SAT Study Guide,The College Board,4.4,"1,201",$40.00,$40,2011,Non Fiction
The Official SAT Study Guide,The College Board,4.4,"1,201",$40.00,$40,2012,Non Fiction
The Official SAT Study Guide,The College Board,4.4,"1,201",$40.00,$40,2013,Non Fiction
The Official SAT Study Guide,The College Board,4.4,"1,201",$40.00,$40,2014,Non Fiction
"The Official SAT Study Guide, 2016 Edition (Official Study Guide for the New Sat)",The College Board,4.3,807,$36.00,$36,2016,Non Fiction
The Paris Wife: A Novel,Paula McLain,4.3,"3,759",$16.00,$16,2011,Fiction
"The Pioneer Woman Cooks: A Year of Holidays: 140 Step-by-Step Recipes for Simple, Scrumptious Celebrations",Ree Drummond,4.8,"2,663",$17.00,$17,2013,Non Fiction
"The Pioneer Woman Cooks: Dinnertime - Comfort Classics, Freezer Food, 16-minute Meals, and Other Delicious Ways to Solve???????",Ree Drummond,4.8,"3,428",$14.00,$14,2015,Non Fiction
The Pioneer Woman Cooks: Food from My Frontier,Ree Drummond,4.8,"2,876",$21.00,$21,2012,Non Fiction
"The Plant Paradox Cookbook: 100 Delicious Recipes to Help You Lose Weight, Heal Your Gut, and Live Lectin-Free",Dr. Steven R Gundry MD,4.5,"3,601",$18.00,$18,2018,Non Fiction
"The Plant Paradox: The Hidden Dangers in ""Healthy"" Foods That Cause Disease and Weight Gain",Dr. Steven R Gundry MD,4.4,"7,058",$17.00,$17,2018,Non Fiction
The Pout-Pout Fish,Deborah Diesen,4.8,"9,784",$5.00,$5,2017,Fiction
The Pout-Pout Fish,Deborah Diesen,4.8,"9,784",$5.00,$5,2018,Fiction
The Power of Habit: Why We Do What We Do in Life and Business,Charles Duhigg,4.6,"10,795",$21.00,$21,2012,Non Fiction
The President Is Missing: A Novel,James Patterson,4.3,"10,191",$18.00,$18,2018,Fiction
The Racketeer,John Grisham,4.3,"14,493",$18.00,$18,2012,Fiction
"The Real Anthony Fauci: Bill Gates, Big Pharma, and the Glocal War on Democracy and Public Health",Robert F. Kennedy Jr.,4.8,"20,153",$19.42,$20,2021,Non Fiction
"The Red Pyramid (The Kane Chronicles, Book 1)",Rick Riordan,4.6,"2,186",$12.00,$12,2010,Fiction
"The Road to Serfdom: Text and Documents--The Definitive Edition (The Collected Works of F. A. Hayek, Volume 2)",F. A. Hayek,4.6,"1,204",$14.00,$14,2010,Non Fiction
The Room Where It Happened: A White House Memoir,John Bolton,4.3,"44,608",$12.00,$12,2020,Non Fiction
"The Serpent's Shadow (The Kane Chronicles, Book 3)",Rick Riordan,4.8,"2,091",$12.00,$12,2012,Fiction
The Seven Husbands of Evelyn Hugo: A Novel,Taylor Jenkins Reid,4.6,"111,053",$9.42,$10,2021,Fiction
The Shack: Where Tragedy Confronts Eternity,William P. Young,4.6,"19,720",$8.00,$8,2009,Fiction
The Shack: Where Tragedy Confronts Eternity,William P. Young,4.6,"19,720",$8.00,$8,2017,Fiction
The Short Second Life of Bree Tanner: An Eclipse Novella (The Twilight Saga),Stephenie Meyer,4.6,"2,122",$0.00,$0,2010,Fiction
The Silent Patient,Alex Michaelides,4.5,"27,536",$14.00,$14,2019,Fiction
The Silent Patient,Alex Michaelides,4.5,"61,060",$15.00,$15,2020,Fiction
"The Son of Neptune (Heroes of Olympus, Book 2)",Rick Riordan,4.8,"4,290",$10.00,$10,2011,Fiction
The Song of Achilles: A Novel,Madeline Miller,4.7,"51,448",$10.34,$11,2021,Non Fiction
"The Splendid and the Vile: A Saga of Churchill, Family, and Defiance During the Blitz",Erik Larson,4.7,"15,424",$19.00,$19,2020,Non Fiction
The Storyteller: Tales of Life and Music,Dave Grohl,4.8,"25,554",$17.99,$18,2021,Non Fiction
The Subtle Art of Not Giving a F*ck: A Counterintuitive Approach to Living a Good Life,Mark Manson,4.6,"26,490",$15.00,$15,2017,Non Fiction
The Subtle Art of Not Giving a F*ck: A Counterintuitive Approach to Living a Good Life,Mark Manson,4.6,"26,490",$15.00,$15,2018,Non Fiction
The Subtle Art of Not Giving a F*ck: A Counterintuitive Approach to Living a Good Life,Mark Manson,4.6,"26,490",$15.00,$15,2019,Non Fiction
The Subtle Art of Not Giving a F*ck: A Counterintuitive Approach to Living a Good Life,Mark Manson,4.6,"77,899",$14.80,$15,2021,Non Fiction
The Sun and Her Flowers,Rupi Kaur,4.7,"5,487",$9.00,$9,2017,Non Fiction
"The Third Wheel (Diary of a Wimpy Kid, Book 7)",Jeff Kinney,4.7,"6,377",$7.00,$7,2012,Fiction
"The Throne of Fire (The Kane Chronicles, Book 2)",Rick Riordan,4.7,"1,463",$10.00,$10,2011,Fiction
The Time Traveler's Wife,Audrey Niffenegger,4.4,"3,759",$6.00,$6,2009,Fiction
The Tipping Point: How Little Things Can Make a Big Difference,Malcolm Gladwell,4.4,"3,503",$9.00,$9,2009,Non Fiction
The Total Money Makeover: Classic Edition: A Proven Plan for Financial Fitness,Dave Ramsey,4.7,"11,550",$10.00,$10,2019,Non Fiction
The Twilight Saga Collection,Stephenie Meyer,4.7,"3,801",$82.00,$82,2009,Fiction
"The Ugly Truth (Diary of a Wimpy Kid, Book 5)",Jeff Kinney,4.8,"3,796",$12.00,$12,2010,Fiction
The Unofficial Harry Potter Cookbook: From Cauldron Cakes to Knickerbocker Glory--More Than 150 Magical Recipes for???????,Dinah Bucholz,4.7,"9,030",$10.00,$10,2019,Non Fiction
The Vanishing Half,Brit Bennett,4.4,"42,235",$16.00,$16,2020,Fiction
The Very Hungry Caterpillar,Eric Carle,4.9,"19,546",$5.00,$5,2013,Fiction
The Very Hungry Caterpillar,Eric Carle,4.9,"19,546",$5.00,$5,2014,Fiction
The Very Hungry Caterpillar,Eric Carle,4.9,"19,546",$5.00,$5,2015,Fiction
The Very Hungry Caterpillar,Eric Carle,4.9,"19,546",$5.00,$5,2016,Fiction
The Very Hungry Caterpillar,Eric Carle,4.9,"19,546",$5.00,$5,2017,Fiction
The Very Hungry Caterpillar,Eric Carle,4.9,"19,546",$5.00,$5,2018,Fiction
The Very Hungry Caterpillar,Eric Carle,4.9,"19,546",$5.00,$5,2019,Fiction
The Very Hungry Caterpillar,Eric Carle,4.9,"35,965",$7.00,$7,2020,Non Fiction
The Very Hungry Caterpillar,Eric Carle,4.9,"52,375",$5.06,$6,2021,Non Fiction
The Whole30: The 30-Day Guide to Total Health and Food Freedom,Melissa Hartwig Urban,4.6,"7,508",$16.00,$16,2015,Non Fiction
The Whole30: The 30-Day Guide to Total Health and Food Freedom,Melissa Hartwig Urban,4.6,"7,508",$16.00,$16,2016,Non Fiction
The Whole30: The 30-Day Guide to Total Health and Food Freedom,Melissa Hartwig Urban,4.6,"7,508",$16.00,$16,2017,Non Fiction
The Wonderful Things You Will Be,Emily Winfield Martin,4.9,"8,842",$10.00,$10,2016,Fiction
The Wonderful Things You Will Be,Emily Winfield Martin,4.9,"8,842",$10.00,$10,2017,Fiction
The Wonderful Things You Will Be,Emily Winfield Martin,4.9,"8,842",$10.00,$10,2018,Fiction
The Wonderful Things You Will Be,Emily Winfield Martin,4.9,"8,842",$10.00,$10,2019,Fiction
The Wonderful Things You Will BeThe Wonderful Things You Will Be      ,Emily Winfield Martin,4.9,"24,189",$8.55,$9,2021,Fiction
The Wonky Donkey,Craig Smith,4.8,"30,183",$4.00,$4,2018,Fiction
The Wonky Donkey,Craig Smith,4.8,"30,183",$4.00,$4,2019,Fiction
The Wonky Donkey,Craig Smith,4.8,"51,255",$5.00,$5,2020,Fiction
The Wright Brothers,David McCullough,4.7,"6,169",$16.00,$16,2015,Non Fiction
They Both Die at the End,Adam Silvera,4.6,"31,272",$8.37,$9,2021,Fiction
"Things That Matter: Three Decades of Passions, Pastimes and Politics [Deckled Edge]",Charles Krauthammer,4.7,"7,034",$15.00,$15,2013,Non Fiction
"Thinking, Fast and Slow",Daniel Kahneman,4.6,"11,034",$19.00,$19,2011,Non Fiction
"Thinking, Fast and Slow",Daniel Kahneman,4.6,"11,034",$19.00,$19,2012,Non Fiction
Thirteen Reasons Why,Jay Asher,4.5,"7,932",$9.00,$9,2017,Fiction
Thomas Jefferson: The Art of Power,Jon Meacham,4.5,"1,904",$23.00,$23,2012,Non Fiction
Three Cups of Tea: One Man's Mission to Promote Peace - One School at a Time,Greg Mortenson,4.3,"3,319",$11.00,$11,2009,Non Fiction
Three Cups of Tea: One Man's Mission to Promote Peace - One School at a Time,Greg Mortenson,4.3,"3,319",$11.00,$11,2010,Non Fiction
Thug Kitchen: The Official Cookbook: Eat Like You Give a F*ck (Thug Kitchen Cookbooks),Thug Kitchen,4.6,"11,128",$23.00,$23,2014,Non Fiction
Thug Kitchen: The Official Cookbook: Eat Like You Give a F*ck (Thug Kitchen Cookbooks),Thug Kitchen,4.6,"11,128",$23.00,$23,2015,Non Fiction
Thug Kitchen: The Official Cookbook: Eat Like You Give a F*ck (Thug Kitchen Cookbooks),Thug Kitchen,4.6,"11,128",$23.00,$23,2016,Non Fiction
Thug Kitchen: The Official Cookbook: Eat Like You Give a F*ck (Thug Kitchen Cookbooks),Thug Kitchen,4.6,"11,128",$23.00,$23,2017,Non Fiction
Tina Fey: Bossypants,Tina Fey,4.3,"5,977",$12.00,$12,2011,Non Fiction
To Kill a Mockingbird,Harper Lee,4.8,"26,234",$0.00,$0,2013,Fiction
To Kill a Mockingbird,Harper Lee,4.8,"26,234",$0.00,$0,2014,Fiction
To Kill a Mockingbird,Harper Lee,4.8,"26,234",$0.00,$0,2015,Fiction
To Kill a Mockingbird,Harper Lee,4.8,"26,234",$0.00,$0,2016,Fiction
To Kill a Mockingbird,Harper Lee,4.8,"26,234",$7.00,$7,2019,Fiction
Too Much and Never Enough: How My Family Created the World's Most Dangerous Man,Mary L. Trump Ph.D.,4.6,"94,196",$17.00,$17,2020,Non Fiction
"Tools of Titans: The Tactics, Routines, and Habits of Billionaires, Icons, and World-Class Performers",Timothy Ferriss,4.6,"4,360",$21.00,$21,2017,Non Fiction
"Towers of Midnight (Wheel of Time, Book Thirteen)",Robert Jordan,4.8,"2,282",$21.00,$21,2010,Fiction
True Compass: A Memoir,Edward M. Kennedy,4.5,438,$15.00,$15,2009,Non Fiction
"Twilight (The Twilight Saga, Book 1)",Stephenie Meyer,4.7,"11,676",$9.00,$9,2009,Fiction
Ultimate Sticker Book: Frozen: More Than 60 Reusable Full-Color Stickers,DK,4.5,"2,586",$5.00,$5,2014,Fiction
"Unbroken: A World War II Story of Survival, Resilience, and Redemption",Laura Hillenbrand,4.8,"29,673",$16.00,$16,2010,Non Fiction
"Unbroken: A World War II Story of Survival, Resilience, and Redemption",Laura Hillenbrand,4.8,"29,673",$16.00,$16,2011,Non Fiction
"Unbroken: A World War II Story of Survival, Resilience, and Redemption",Laura Hillenbrand,4.8,"29,673",$16.00,$16,2012,Non Fiction
"Unbroken: A World War II Story of Survival, Resilience, and Redemption",Laura Hillenbrand,4.8,"29,673",$13.00,$13,2014,Non Fiction
"Unbroken: A World War II Story of Survival, Resilience, and Redemption",Laura Hillenbrand,4.8,"29,673",$16.00,$16,2014,Non Fiction
Under the Dome: A Novel,Stephen King,4.3,"6,740",$20.00,$20,2009,Fiction
Unfreedom of the Press,Mark R. Levin,4.9,"5,956",$11.00,$11,2019,Non Fiction
Unicorn Coloring Book: For Kids Ages 4-8 (US Edition) (Silly Bear Coloring Books),Silly Bear,4.8,"6,108",$4.00,$4,2019,Non Fiction
"Uninvited: Living Loved When You Feel Less Than, Left Out, and Lonely",Lysa TerKeurst,4.7,"4,585",$9.00,$9,2016,Non Fiction
Untamed,Glennon Doyle,4.8,"41,567",$15.00,$15,2020,Non Fiction
Untamed,Glennon Doyle,4.6,"53,024",$14.89,$15,2021,Non Fiction
Wacky Waving Inflatable Tube Guy,Conor Riordan,4.0,"25,510",$7.00,$7,2020,Fiction
Watchmen,Alan Moore,4.8,"3,829",$42.00,$42,2009,Fiction
Water for Elephants: A Novel,Sara Gruen,4.5,"8,958",$12.00,$12,2011,Fiction
We Were Liars,E. Lockhart,4.5,"41,127",$5.98,$6,2021,Fiction
What Happened,Hillary Rodham Clinton,4.6,"5,492",$18.00,$18,2017,Non Fiction
What If?: Serious Scientific Answers to Absurd Hypothetical Questions,Randall Munroe,4.7,"9,292",$17.00,$17,2014,Non Fiction
What Pet Should I Get? (Classic Seuss),Dr. Seuss,4.7,"1,873",$14.00,$14,2015,Fiction
What Should Danny Do?,Adir Levy,4.8,"14,705",$13.00,$13,2020,Fiction
What Should Danny Do? (The Power to Choose Series),Adir Levy,4.8,"8,170",$13.00,$13,2019,Fiction
What to Expect When You're Expecting,Heidi Murkoff,4.4,"3,341",$9.00,$9,2011,Non Fiction
"Wheat Belly: Lose the Wheat, Lose the Weight, and Find Your Path Back to Health",William Davis,4.4,"7,497",$6.00,$6,2012,Non Fiction
"Wheat Belly: Lose the Wheat, Lose the Weight, and Find Your Path Back to Health",William Davis,4.4,"7,497",$6.00,$6,2013,Non Fiction
When Breath Becomes Air,Paul Kalanithi,4.8,"13,779",$14.00,$14,2016,Non Fiction
Where the Crawdads Sing,Delia Owens,4.8,"87,841",$15.00,$15,2019,Fiction
Where the Crawdads Sing,Delia Owens,4.8,"120,727",$9.00,$9,2020,Fiction
Where the Wild Things Are,Maurice Sendak,4.8,"9,967",$13.00,$13,2009,Fiction
White Fragility: Why It's So Hard for White People to Talk About Racism,Robin DiAngelo,4.3,"31,125",$10.00,$10,2020,Non Fiction
Whose Boat Is This Boat?: Comments That Don't Help in the Aftermath of a Hurricane,The Staff of The Late Show with???€?,4.6,"6,669",$12.00,$12,2018,Non Fiction
Wild: From Lost to Found on the Pacific Crest Trail,Cheryl Strayed,4.4,"17,044",$18.00,$18,2012,Non Fiction
Winter of the World: Book Two of the Century Trilogy,Ken Follett,4.5,"10,760",$15.00,$15,2012,Fiction
Women Food and God: An Unexpected Path to Almost Everything,Geneen Roth,4.2,"1,302",$11.00,$11,2010,Non Fiction
Wonder,R. J. Palacio,4.8,"21,625",$9.00,$9,2013,Fiction
Wonder,R. J. Palacio,4.8,"21,625",$9.00,$9,2014,Fiction
Wonder,R. J. Palacio,4.8,"21,625",$9.00,$9,2015,Fiction
Wonder,R. J. Palacio,4.8,"21,625",$9.00,$9,2016,Fiction
Wonder,R. J. Palacio,4.8,"21,625",$9.00,$9,2017,Fiction
Wrecking Ball (Diary of a Wimpy Kid Book 14),Jeff Kinney,4.9,"9,413",$8.00,$8,2019,Fiction
You Are a Badass: How to Stop Doubting Your Greatness and Start Living an Awesome Life,Jen Sincero,4.7,"14,331",$8.00,$8,2016,Non Fiction
You Are a Badass: How to Stop Doubting Your Greatness and Start Living an Awesome Life,Jen Sincero,4.7,"14,331",$8.00,$8,2017,Non Fiction
You Are a Badass: How to Stop Doubting Your Greatness and Start Living an Awesome Life,Jen Sincero,4.7,"14,331",$8.00,$8,2018,Non Fiction
You Are a Badass: How to Stop Doubting Your Greatness and Start Living an Awesome Life,Jen Sincero,4.7,"14,331",$8.00,$8,2019,Non Fiction